STRATUM_ID,AREA,SWT
1,52358,0.19274
2,135897,0.50027
3,83393,0.30699
